client_id,intersection,availability,notes
Client A,86th St & Ditch Rd Indianapolis IN,Mon after 2pm,Near Carmel border
Client B,116th St & Keystone Ave Carmel IN,any,New client
Client C,Stop 11 Rd & US-31 Indianapolis IN,Thu only,Late-morning preferred
Client D,Washington St & Mitthoeffer Rd Indianapolis IN,M-W,Lawrence area
Client E,Greenwood Park Mall area - County Line Rd & US-31 Greenwood IN,Tue after 1pm,South side
Client F,Speedway - 16th St & Georgetown Rd Indianapolis IN,Mon,Near race track
Client G,71st St & Allisonville Rd Indianapolis IN,not Mon mornings,Prefers afternoons Mon
Client H,Raymond St & Shelby St Indianapolis IN,Tue before noon,Beech Grove adjacent
Client I,96th St & Michigan Rd Indianapolis IN,M-W after 9am,Pike Township
Client J,Pendleton Pike & Post Rd Indianapolis IN,any after 10am,Flex schedule
Client K,Kessler Blvd & College Ave Indianapolis IN,Tue,Broadripple area
Client L,Southport Rd & Emerson Ave Indianapolis IN,Mon after 9am,Close to home base
Client M,Thompson Rd & Meridian St Indianapolis IN,Thu before noon,Perry Township
Client N,Shadeland Ave & 30th St Indianapolis IN,not Mon,East side
